{
    "Accuracy Score": 0.2815884476534296,
    "Precision Score": 0.28146535639927855,
    "Recall Score": 0.2815884476534296,
    "F1 Score": 0.2813581021818212,
    "Confusion Metrix": [
        [
            41,
            35,
            38,
            31
        ],
        [
            32,
            42,
            33,
            34
        ],
        [
            29,
            35,
            28,
            37
        ],
        [
            33,
            32,
            29,
            45
        ]
    ]
}